[
  {
    "name": "西塱",
    "routes": ["1", "GF"]
  },
  {
    "name": "坑口",
    "routes": ["1"]
  },
  {
    "name": "花地湾",
    "routes": ["1"]
  },
  {
    "name": "芳村",
    "routes": ["1"]
  },
  {
    "name": "黄沙",
    "routes": ["1", "6"]
  },
  {
    "name": "长寿路",
    "routes": ["1"]
  },
  {
    "name": "陈家祠",
    "routes": ["1", "8"]
  },
  {
    "name": "西门口",
    "routes": ["1"]
  },
  {
    "name": "公园前",
    "routes": ["1", "2"]
  },
  {
    "name": "农讲所",
    "routes": ["1"]
  },
  {
    "name": "烈士陵园",
    "routes": ["1"]
  },
  {
    "name": "东山口",
    "routes": ["1", "6"]
  },
  {
    "name": "杨箕",
    "routes": ["1", "5"]
  },
  {
    "name": "体育西路",
    "routes": ["1", "3"]
  },
  {
    "name": "体育中心",
    "routes": ["1"]
  },
  {
    "name": "广州东站",
    "routes": ["1", "3"]
  }
]
