[
  {
    "id": 1, "name": "中海锦城总站", "en_name": "Chung Hoi Kam Shing Term.",
    "road_id": 1, "on_road_pos": 0,
    "side": "right", "connects_mtr": [], "note": []
  },
  {
    "id": 2, "name": "汇泉路东", "en_name": "Wui Tsuen Rd. E.",
    "road_id": 1, "on_road_pos": 0.25,
    "side": "right", "connects_mtr": [], "note": []
  },
  {
    "id": 3, "name": "汇泉路（中海锦城北）", "en_name": "Wui Tsuen Rd. (Chung Hoi Kam Shing N.)",
    "road_id": 1, "on_road_pos": 0.5,
    "side": "right", "connects_mtr": [], "note": []
  },
  {
    "id": 4, "name": "融通路中（滨江1号）", "en_name": "Yung Tung Rd. M. (Pan Kong No.1)",
    "road_id": 1, "on_road_pos": 0.75,
    "side": "right", "connects_mtr": [], "note": []
  },
  {
    "id": 5, "name": "中海锦城南", "en_name": "Chung Hoi Kam Shing S.",
    "road_id": 3, "on_road_pos": 0.05,
    "side": "right", "connects_mtr": [], "note": []
  },
  {
    "id": 6, "name": "万科金域中央北", "en_name": "Man Fo Kam Wik Chung Yeung N.",
    "road_id": 3, "on_road_pos": 0.07,
    "side": "right", "connects_mtr": [], "note": []
  },
  {
    "id": 7, "name": "五丫口大桥东", "en_name": "Ng Nga Hau Bridge E.",
    "road_id": 3, "on_road_pos": 0.16,
    "side": "right", "connects_mtr": [], "note": []
  },
  {
    "id": 8, "name": "地铁龙溪站", "en_name": "Lung Kai Sta.",
    "road_id": 3, "on_road_pos": 0.25,
    "side": "right", "connects_mtr": ["龙溪"], "note": []
  },
  {
    "id": 9, "name": "龙溪大道西（裕海路口）", "en_name": "Lung Kai Ave. W. (Yue Hoi Rd. Entr.)",
    "road_id": 3, "on_road_pos": 0.34,
    "side": "right", "connects_mtr": [], "note": []
  },
  {
    "id": 10, "name": "增滘立交西", "en_name": "Tsang Kau Intersection W.",
    "road_id": 3, "on_road_pos": 0.43,
    "side": "right", "connects_mtr": [], "note": []
  },
  {
    "id": 11, "name": "龙溪大道中", "en_name": "Lung Kai Ave. M.",
    "road_id": 3, "on_road_pos": 0.52,
    "side": "right", "connects_mtr": [], "note": []
  },
  {
    "id": 12, "name": "芳村体育中心", "en_name": "Fong Tsuen Sports Center",
    "road_id": 3, "on_road_pos": 0.61,
    "side": "right", "connects_mtr": [], "note": []
  },
  {
    "id": 13, "name": "东漖教师新村总站", "en_name": "Term. of Tung Kau Teachers' Village",
    "road_id": 3, "on_road_pos": 0.7,
    "side": "right", "connects_mtr": [], "note": []
  },
  {
    "id": 14, "name": "东漖教师新村", "en_name": "Tung Kau Teachers' Village",
    "road_id": 3, "on_road_pos": 0.73,
    "side": "right", "connects_mtr": [], "note": []
  },
  {
    "id": 16, "name": "芳村花园南门总站", "en_name": "Term. of Southern Gate of Fong Tsuen Garden",
    "road_id": 3, "on_road_pos": 0.81,
    "side": "right", "connects_mtr": [], "note": []
  },
  {
    "id": 17, "name": "芳村花园", "en_name": "Fong Tsuen Garden",
    "road_id": 3, "on_road_pos": 0.87,
    "side": "right", "connects_mtr": [], "note": []
  },
  {
    "id": 18, "name": "龙溪大道东（教师新村）", "en_name": "Lung Kai Ave. E. (Teachers' Village)",
    "road_id": 3, "on_road_pos": 0.96,
    "side": "right", "connects_mtr": [], "note": []
  },
  {
    "id": 19, "name": "坑口地铁站（芳村客运站）", "en_name": "Hang Hau Sta. (Fong Tsuen Coach Term.)",
    "road_id": 5, "on_road_pos": 0.2,
    "side": "left", "connects_mtr": ["坑口"], "note": []
  },
  {
    "id": 20, "name": "康乃馨花园", "en_name": "Carnation Garden",
    "road_id": 5, "on_road_pos": 0.8,
    "side": "left", "connects_mtr": [], "note": []
  }
]
